id,name,age,salary,email,city
1,Catlee Haswall,81,82706.94,chaswall0@g.co,Novolugovoye
2,Lazarus Brasseur,63,102181.21,lbrasseur1@newyorker.com,Pau
3,Ward Smooth,22,63005.02,wsmooth2@ifeng.com,Mitry-Mory
4,Philbert Garvin,30,125859.5,pgarvin3@ustream.tv,Escazú
5,Melinde Selesnick,27,132744.94,mselesnick4@cafepress.com,Gračec
6,Marion Entwistle,41,118882.68,mentwistle5@wikipedia.org,Seynod
7,Jobina Louedey,21,116945.27,jlouedey6@miibeian.gov.cn,Zarszyn
8,Freedman Searles,48,50180.85,fsearles7@sourceforge.net,Melekeok Village
9,Marga Ketchell,23,54388.02,mketchell8@weather.com,San José
10,Pip Polhill,40,140472.48,ppolhill9@nsw.gov.au,Labrang
11,Leontine Franklin,83,75601.66,lfranklina@topsy.com,Makueni
12,Amabelle Tolchar,19,139505.75,atolcharb@cam.ac.uk,Tsuruoka
13,Rudiger Willmore,29,108940.66,rwillmorec@mapy.cz,Stockholm
14,Gabriele Fullwood,90,31975.55,gfullwoodd@desdev.cn,Bueng Khong Long
15,Clyde Morson,86,52641.42,cmorsone@opera.com,Krupanj
16,Jany Hugnin,43,137578.0,jhugninf@engadget.com,Kuybyshevskiy Zaton
17,Micky Sunnex,78,61730.72,msunnexg@wordpress.com,Qvareli
18,Corie Clere,84,35198.71,cclereh@amazon.co.uk,Tosno
19,Salli Edgson,82,75183.44,sedgsoni@spotify.com,Stockholm
20,Carlie Drewett,22,125424.04,cdrewettj@posterous.com,Ostrov
21,Ernestus Schultze,43,124820.68,eschultzek@squidoo.com,Bilyayivka
22,Euell Walasik,33,145145.57,ewalasikl@cafepress.com,Guayabal
23,Marion Dowey,42,48932.21,mdoweym@is.gd,Libacao
24,Brnaba Tandey,59,49439.08,btandeyn@nifty.com,Milano
25,Tabbatha Lauret,70,76396.7,tlaureto@flickr.com,Monterrey
26,Ephraim Greguol,66,83843.05,egreguolp@csmonitor.com,Annecy
27,Noella Fisby,66,64354.83,nfisbyq@wiley.com,Vilarinho das Cambas
28,Sibbie Coulthurst,87,73040.53,scoulthurstr@homestead.com,Slovenj Gradec
29,Sandro Carrane,87,144544.72,scarranes@csmonitor.com,Beibao
30,Lek Adenot,40,122093.51,ladenott@youtu.be,Grigiškės
31,Hugh Giroldo,66,41955.93,hgiroldou@devhub.com,Ristinummi
32,Alvira Bafford,84,87250.46,abaffordv@chicagotribune.com,Chunjing
33,Vinny Hinsche,84,86103.38,vhinschew@quantcast.com,Wengaingo
34,Zack Beck,59,45941.4,zbeckx@reverbnation.com,Orléans
35,Clare O'Kane,45,111960.75,cokaney@dmoz.org,Couva
36,Chandra Fontaine,74,121593.85,cfontainez@webeden.co.uk,Shirbīn
37,Roy Goreisr,48,50385.56,rgoreisr10@columbia.edu,Huwei
38,Berk Plowman,66,78988.83,bplowman11@disqus.com,Eguia
39,Geoffrey Peterken,69,44359.45,gpeterken12@ftc.gov,Jaquimeyes
40,Winny Geldard,74,122386.63,wgeldard13@google.ca,Mölndal
41,Tandy MacDermott,23,70685.03,tmacdermott14@dailymail.co.uk,Ivoti
42,Sam Fortune,52,145668.5,sfortune15@columbia.edu,Đông Thành
43,Madge Langford,58,115159.2,mlangford16@howstuffworks.com,Bulgan
44,Monah Beckhouse,19,59678.47,mbeckhouse17@ibm.com,Acacías
45,Howey Laguerre,80,136738.58,hlaguerre18@eepurl.com,Ust’-Kalmanka
46,Beitris Haulkham,32,124165.79,bhaulkham19@simplemachines.org,Puzi
47,Zsa zsa Calf,52,60474.75,zzsa1a@cdbaby.com,Svenljunga
48,Hurley Waldron,84,129578.57,hwaldron1b@canalblog.com,Gaoliang
49,Keenan Urpeth,63,65122.51,kurpeth1c@desdev.cn,Krasnyy Yar
50,Annamaria Cordero,82,59978.97,acordero1d@odnoklassniki.ru,Tres Arroyos
51,Bruno Hanfrey,33,146074.39,bhanfrey1e@google.pl,Svilengrad
52,Jodee Garaghan,49,46344.06,jgaraghan1f@miitbeian.gov.cn,Abbotsford
53,Donella Caccavale,75,94652.53,dcaccavale1g@cafepress.com,Shah Alam
54,Corney Ropkes,51,63024.66,cropkes1h@hp.com,Banzhong
55,Delano Farny,23,76089.64,dfarny1i@java.com,Albardón
56,Hartley Mockford,28,118476.47,hmockford1j@printfriendly.com,Perosinho
57,Antons Docksey,76,35051.7,adocksey1k@ted.com,Brändö
58,Selinda Marthen,59,91198.81,smarthen1l@w3.org,Čelinac
59,Clayson Kingswood,81,99504.3,ckingswood1m@virginia.edu,Ergong
60,Guss Jerrand,62,51316.88,gjerrand1n@artisteer.com,La Gacilly
61,Barbabas Kynan,41,117202.12,bkynan1o@china.com.cn,San Isidro
62,Janette Larderot,63,31585.8,jlarderot1p@miibeian.gov.cn,Shedok
63,Tarrah Trusty,19,131090.16,ttrusty1q@tinypic.com,Puji
64,Dorene Rodie,19,54498.0,drodie1r@bbc.co.uk,Maniwaki
65,Tabby Diloway,18,117050.76,tdiloway1s@ehow.com,Perpignan
66,Leontyne Laxen,35,131010.5,llaxen1t@miitbeian.gov.cn,Shancheng
67,Joellyn Sowten,26,80735.44,jsowten1u@springer.com,Changqi
68,Stefanie Legier,81,33440.32,slegier1v@comcast.net,Amphoe Sikhiu
69,Perle Dallewater,37,146033.25,pdallewater1w@behance.net,Toroy
70,Giffy Tomaino,73,58474.97,gtomaino1x@usa.gov,Colonia Catuete
71,Pierre Hexter,70,123299.59,phexter1y@ifeng.com,Taling
72,Alphard Gorger,19,107048.2,agorger1z@sitemeter.com,Livramento
73,Eldon Mound,23,60521.25,emound20@t-online.de,Yashiro
74,Bryanty de Guerre,76,111277.53,bde21@godaddy.com,Salor
75,Karla Twelvetrees,57,69430.64,ktwelvetrees22@vistaprint.com,Lago
76,Brennen Moorey,68,136627.3,bmoorey23@msn.com,Cesvaine
77,Terri Lalonde,22,61236.84,tlalonde24@aol.com,Guanlu
78,Fabio Feldhorn,61,135233.07,ffeldhorn25@springer.com,Castrovirreyna
79,Travis Thompson,23,122376.74,tthompson26@wordpress.org,Stocksund
80,Lucio Checklin,22,31153.77,lchecklin27@go.com,Abakaliki
81,Burlie Bounds,25,81419.33,bbounds28@hhs.gov,Yoichi
82,Dudley Noweak,51,124171.92,dnoweak29@lulu.com,Ying’ebu
83,Lind Crisford,40,111906.84,lcrisford2a@telegraph.co.uk,Dusit
84,Tedmund Cattermoul,38,71426.0,tcattermoul2b@ca.gov,Fuming
85,Donn Finessy,83,88660.87,dfinessy2c@netvibes.com,Årsta
86,Malissa Hughesdon,90,34974.83,mhughesdon2d@hibu.com,Nubma
87,Stearn Setchell,68,91000.42,ssetchell2e@meetup.com,Ouro Sogui
88,Lancelot Guidera,28,88808.29,lguidera2f@diigo.com,Cheping
89,Lise Songust,32,81684.23,lsongust2g@indiegogo.com,Morazán
90,Torrence Casement,68,32559.44,tcasement2h@mapquest.com,Sidaurip
91,Neils Hodinton,43,89828.79,nhodinton2i@prweb.com,Xinqiao
92,Angeli Cappleman,42,83314.61,acappleman2j@elegantthemes.com,Xiaozhoushan
93,Joanie Meharry,64,80738.06,jmeharry2k@myspace.com,Üydzen
94,Annamarie Eplate,48,136298.1,aeplate2l@google.es,Białogard
95,Meyer Losano,90,144893.98,mlosano2m@columbia.edu,Nabīnagar
96,Yehudi Lattey,43,98109.15,ylattey2n@aol.com,Kadudampit
97,Staffard Kilius,64,84736.46,skilius2o@hexun.com,Ozimek
98,Gregorio Addison,30,118619.4,gaddison2p@skype.com,Mohelno
99,Kendell Dowtry,72,148479.64,kdowtry2q@columbia.edu,Washington
100,Darsie Dulwitch,87,51142.5,ddulwitch2r@soundcloud.com,Krzczonów
101,Denna Seleway,81,30273.96,dseleway2s@meetup.com,Bárrio
102,Shaina Thomkins,47,57121.6,sthomkins2t@hhs.gov,Mirnyy
103,Valera De Ferraris,61,61926.08,vde2u@examiner.com,Changpu
104,Aloise Lumpkin,45,81755.51,alumpkin2v@umich.edu,Kanchanaburi
105,Jameson Rustedge,36,59816.45,jrustedge2w@t.co,Thị Trấn Thuận Châu
106,Simonne Strethill,34,85246.74,sstrethill2x@phoca.cz,Sundsvall
107,Tawnya Guiver,84,81582.85,tguiver2y@unesco.org,Pategi
108,Efrem Lorkins,29,140295.97,elorkins2z@godaddy.com,Fukuechō
109,Luca Weinham,30,144132.8,lweinham30@home.pl,Jihlava
110,Adams Errichiello,77,115481.76,aerrichiello31@discovery.com,Chã
111,Gussie Day,64,43482.15,gday32@ning.com,Des Moines
112,Nicola Quinby,50,60685.85,nquinby33@tinyurl.com,Bernardo de Irigoyen
113,Elli Swallwell,25,109096.7,eswallwell34@flickr.com,Gresik
114,Patti Fursey,25,34733.87,pfursey35@dailymail.co.uk,Kebloran
115,Aprilette Lantiff,18,124817.43,alantiff36@meetup.com,Mariquita
116,Agnes Peterkin,44,46539.22,apeterkin37@umn.edu,Laç
117,Petronilla Float,67,58988.53,pfloat38@dailymail.co.uk,Dieppe
118,Shoshana Thonason,85,117307.06,sthonason39@paginegialle.it,Hekou
119,Willdon Grimwad,85,122596.38,wgrimwad3a@live.com,Shangyu
120,Nicky Ennals,22,92796.08,nennals3b@mac.com,San Marcelino
121,Arlina Fanthome,46,138271.44,afanthome3c@hc360.com,Bridgetown
122,Vassily Jobling,54,131859.78,vjobling3d@amazon.com,Hamburg Sankt Pauli
123,Lian Gammage,86,109676.17,lgammage3e@hatena.ne.jp,Shchelkovo
124,Velvet Elsmore,36,119403.26,velsmore3f@ebay.com,Qabqir
125,Chrysler Roizn,21,64523.07,croizn3g@yelp.com,Alangalang
126,Andreas Josephson,31,54058.11,ajosephson3h@simplemachines.org,Svetlyy
127,Joshua Sabathier,28,114274.63,jsabathier3i@hc360.com,Jiaoyang
128,Franklyn Langfield,83,40988.54,flangfield3j@cpanel.net,San Luis
129,Deborah Cuttles,40,126798.74,dcuttles3k@bigcartel.com,Lublin
130,Magda Sailor,36,103729.38,msailor3l@feedburner.com,Regueiro
131,Meade Lindwasser,82,97123.05,mlindwasser3m@cpanel.net,Kohāt
132,Agnese Livingstone,42,37906.28,alivingstone3n@ucla.edu,Polo
133,Aloin Jenny,74,40895.92,ajenny3o@ed.gov,Lingyuan
134,Linc Tease,20,30735.35,ltease3p@stumbleupon.com,Yegor’yevsk
135,Bink Chesley,55,99881.02,bchesley3q@quantcast.com,Cijapar
136,Nikolai Wetheril,68,108373.98,nwetheril3r@ox.ac.uk,Piggs Peak
137,Susann Dyet,62,76151.2,sdyet3s@tumblr.com,Simpang
138,Merline Chidley,47,130100.77,mchidley3t@gravatar.com,Jiushe
139,Lauraine Heasley,30,80865.87,lheasley3u@mapy.cz,Poctol
140,Jedidiah Bernardeschi,41,68160.98,jbernardeschi3v@archive.org,Xiumei
141,Sven Chamney,22,140087.64,schamney3w@amazonaws.com,Makariv
142,Jillene McNickle,57,90130.14,jmcnickle3x@tinyurl.com,Pagsanahan Norte
143,Nerte Leavry,85,142681.78,nleavry3y@lycos.com,Kurlovo
144,Terrance Fumagalli,72,85961.15,tfumagalli3z@geocities.com,Emmen
145,Elizabeth Duns,60,96991.3,eduns40@dropbox.com,Satowebrang
146,Loren Tuerena,47,72098.96,ltuerena41@over-blog.com,Subic
147,Von Dabels,25,87503.7,vdabels42@tumblr.com,Chinju
148,Gretta Bocking,48,97648.03,gbocking43@illinois.edu,Kaparéllion
149,Cletus Bottelstone,55,40590.57,cbottelstone44@ucoz.ru,Kaset Wisai
150,Tymon Keggin,49,124198.81,tkeggin45@mac.com,Simenqian
151,Addy Groome,39,144092.57,agroome46@omniture.com,Oratorio
152,Wanda Pennone,51,74453.02,wpennone47@pen.io,Aygestan
153,Cynthy Showers,68,116362.11,cshowers48@bing.com,Sogcho
154,Tomas Bow,20,65469.12,tbow49@slashdot.org,Chandmanĭ
155,Irvine Dyball,62,98087.1,idyball4a@google.it,La Unión
156,Mike Hutcheons,38,140521.29,mhutcheons4b@sakura.ne.jp,Jiaocha
157,Rowena Kollatsch,90,33920.92,rkollatsch4c@1688.com,Bërxull
158,Sybyl Benedict,76,35292.38,sbenedict4d@imageshack.us,Aktau
159,Hertha Campey,81,70101.12,hcampey4e@zdnet.com,Youssoufia
160,Trudi Rosie,79,69758.88,trosie4f@uiuc.edu,Carnot
161,Aguistin Linney,47,57691.96,alinney4g@google.cn,Sanjing
162,Clayton Castri,41,33897.29,ccastri4h@engadget.com,Jianqiao
163,Jehanna Adamec,60,91312.72,jadamec4i@usatoday.com,Kyurdarmir
164,Tani Cluet,75,57994.69,tcluet4j@ameblo.jp,Bilajer
165,Jacki Deave,22,84007.75,jdeave4k@multiply.com,Panambi
166,Carter Leavey,81,85320.45,cleavey4l@tripadvisor.com,Hoktember
167,Barbie Heeney,43,111850.86,bheeney4m@scientificamerican.com,Jinzhou
168,Isaac Buckam,56,46279.77,ibuckam4n@mit.edu,Maciejowice
169,Sosanna McGettrick,27,32753.63,smcgettrick4o@networkadvertising.org,Zheshan
170,Mari Douberday,60,31306.85,mdouberday4p@elegantthemes.com,Roissy Charles-de-Gaulle
171,Feodora Hullot,18,146373.82,fhullot4q@de.vu,Erie
172,Geraldine Iggulden,71,57380.89,giggulden4r@samsung.com,Yangdang
173,Christalle Glamart,46,37220.29,cglamart4s@t.co,Roanne
174,Korney Brogiotti,82,60428.38,kbrogiotti4t@deviantart.com,Shiqian
175,Hinda Whittam,66,61052.13,hwhittam4u@stanford.edu,Potchefstroom
176,Ingeborg Morter,35,99513.47,imorter4v@nymag.com,Nizhniy Tsasuchey
177,Amitie Snary,45,45350.21,asnary4w@bravesites.com,Livingstone
178,Neda Peotz,38,85811.66,npeotz4x@altervista.org,Hisings Kärra
179,Priscella Kingscote,24,77868.79,pkingscote4y@blinklist.com,Vyritsa
180,Billy Coast,68,125176.71,bcoast4z@wikipedia.org,Detroit
181,Ted Dubock,54,110813.63,tdubock50@engadget.com,Araulí
182,Purcell Scowcroft,23,55247.66,pscowcroft51@mtv.com,Campos Belos
183,Kayley Trevena,84,107248.91,ktrevena52@chicagotribune.com,Canmang
184,Anna-diane Jopson,48,134619.93,ajopson53@columbia.edu,Viseu
185,Courtenay Langwade,62,100054.81,clangwade54@businessweek.com,Kambar
186,Kalina Robberts,45,98545.37,krobberts55@cmu.edu,Pidhaytsi
187,Lorne Wines,77,63039.86,lwines56@blogspot.com,Spitak
188,Genia Trevenu,80,70388.6,gtrevenu57@twitter.com,Śliwice
189,Bernie Grindrod,87,104156.4,bgrindrod58@hc360.com,Katakwi
190,Heidie Mabbe,19,56395.73,hmabbe59@zimbio.com,Aozou
191,Lira Purchase,71,103076.71,lpurchase5a@github.com,Solikamsk
192,Trey Lethem,46,47750.81,tlethem5b@de.vu,Tambo Grande
193,Theresina Celier,78,111309.92,tcelier5c@yellowpages.com,Jiangpu
194,Pat Lunge,38,58082.63,plunge5d@bing.com,Bailang
195,Evangelina Harling,58,40558.99,eharling5e@odnoklassniki.ru,Chartres
196,Farand Childerhouse,23,82195.31,fchilderhouse5f@usgs.gov,Garanhuns
197,Gregoire Carncross,52,48910.26,gcarncross5g@livejournal.com,Haumeni
198,Vidovic Pirrey,66,102125.25,vpirrey5h@yahoo.com,Alaminos
199,Finley Simenon,82,57838.4,fsimenon5i@toplist.cz,Roboré
200,Kerby Saffle,82,64308.6,ksaffle5j@ow.ly,Wentugaole
201,Reginauld Delucia,18,95959.9,rdelucia5k@usgs.gov,Pan-an
202,Florette Letts,53,47343.24,fletts5l@shop-pro.jp,Litian
203,Almeda Harness,60,137815.91,aharness5m@jugem.jp,Grammatikó
204,Daria Farden,35,65471.22,dfarden5n@google.es,Qingyun
205,Vyky Gilman,62,146317.27,vgilman5o@uiuc.edu,San Joaquin
206,Natalina O'Shavlan,65,88954.6,noshavlan5p@bizjournals.com,Phong Điền
207,Gina Devall,71,143991.75,gdevall5q@patch.com,Gradil
208,Antony Lambrick,76,36599.11,alambrick5r@cloudflare.com,Dangcalan
209,Prudy Belward,88,42306.49,pbelward5s@hubpages.com,Bielefeld
210,Homere Maciejewski,30,97241.24,hmaciejewski5t@jigsy.com,Washington
211,Freddy Coffey,86,79046.41,fcoffey5u@ovh.net,Olho Marinho
212,Addy More,21,104002.84,amore5v@skyrock.com,Ungaran
213,Clari Heenan,62,70454.23,cheenan5w@ebay.co.uk,Piketberg
214,Danyelle Lenton,69,102434.88,dlenton5x@bigcartel.com,Mandikbatu
215,Elset Labro,50,96662.04,elabro5y@ezinearticles.com,Carcassonne
216,Ave Durbridge,19,39543.12,adurbridge5z@skype.com,Fengchuan
217,Carlo Sheepy,83,129242.15,csheepy60@symantec.com,Viraco
218,Audry Tytherton,54,66580.68,atytherton61@spiegel.de,Tacarigua
219,Roldan Brittle,43,99249.99,rbrittle62@moonfruit.com,Kawalimukti
220,Jerald Mercik,63,54829.67,jmercik63@msn.com,Itapetinga
221,Hana Cadore,60,134475.3,hcadore64@icio.us,Sedan
222,Othelia Champkin,37,68584.53,ochampkin65@netvibes.com,Rawson
223,Kale Spinetti,41,75617.22,kspinetti66@liveinternet.ru,Malasin
224,Ashely Peppett,21,138097.22,apeppett67@nytimes.com,Czchów
225,Tisha Kingsman,77,109331.63,tkingsman68@goo.ne.jp,Shuangmiao
226,Maison Turbard,56,34222.27,mturbard69@mapquest.com,Cikalang
227,Dominique Christopher,76,57127.15,dchristopher6a@ibm.com,Sekampung
228,Dolli Matteacci,86,41987.48,dmatteacci6b@jigsy.com,Chambas
229,Burg Edmondson,89,132081.69,bedmondson6c@cbc.ca,Nunutba
230,Kalie Ariss,44,75844.6,kariss6d@chron.com,Nong Phai
231,Gill Royl,49,118480.5,groyl6e@nifty.com,Gračec
232,Cointon McInteer,61,46984.21,cmcinteer6f@google.ru,Beijie
233,Kylynn Hazel,75,102266.01,khazel6g@google.co.jp,Fushun
234,Alli Crolla,28,99885.49,acrolla6h@illinois.edu,Bulalacao
235,Jacynth Wilkenson,57,92692.51,jwilkenson6i@quantcast.com,Marčelji
236,Augie Dew,75,104010.87,adew6j@weebly.com,Kamen’-na-Obi
237,Hildy Fludgate,49,113586.61,hfludgate6k@constantcontact.com,Yuxi
238,Etan Lambell,50,58150.44,elambell6l@pagesperso-orange.fr,Tanjung
239,Ludwig Gartsyde,44,135234.18,lgartsyde6m@imageshack.us,Ullubiyaul
240,Erroll Sedgemore,86,113579.35,esedgemore6n@cbslocal.com,Dushi
241,Barrett Karmel,73,113476.49,bkarmel6o@biglobe.ne.jp,Shuangbaiyang
242,Catlaina Plumptre,46,30386.88,cplumptre6p@ycombinator.com,Borlänge
243,Weylin Baythorp,23,136032.83,wbaythorp6q@symantec.com,Zhayang
244,Ronnie Conen,44,33792.01,rconen6r@theatlantic.com,Tallkalakh
245,Netta Aloigi,81,87427.62,naloigi6s@ted.com,Pidigan
246,Wolfie Chamberlen,42,143108.6,wchamberlen6t@sciencedaily.com,Amparo
247,Rozanna Lillee,69,126214.23,rlillee6u@bbb.org,Malabago
248,Deny Clemendet,52,38607.2,dclemendet6v@paginegialle.it,Ta`ū
249,Enid Sainter,75,127553.96,esainter6w@bloglines.com,Šumperk
250,Chery Wharf,42,107907.81,cwharf6x@ucoz.com,Borzęcin
251,Katlin Garie,42,66097.8,kgarie6y@fotki.com,Paris 13
252,Hector Noden,84,118040.4,hnoden6z@360.cn,Chifeng
253,Cleopatra Schaben,82,90816.47,cschaben70@msn.com,Yershov
254,Thekla O'Feeney,35,42549.51,tofeeney71@businessweek.com,Nyanza
255,Roi Caldecott,53,37588.33,rcaldecott72@nps.gov,Kolo
256,Laurie Veitch,67,47626.77,lveitch73@wufoo.com,Sembabule
257,Hetti Richmont,50,55908.96,hrichmont74@delicious.com,Nida
258,Bee Trow,64,128977.23,btrow75@chron.com,Zengjia
259,Lynnett Gunther,61,119963.25,lgunther76@ft.com,Karangpari
260,Chane Gutherson,39,83570.66,cgutherson77@github.com,Banjar Sebual
261,Erica Speck,53,49218.21,especk78@twitter.com,Buguruslan
262,Ania Canning,85,107564.79,acanning79@gravatar.com,Na Thawi
263,Adrian Anfonsi,39,117460.16,aanfonsi7a@apple.com,Kendayakan
264,Ethelin Pitrollo,22,48461.62,epitrollo7b@oaic.gov.au,Čejkovice
265,Christyna Kasher,60,45234.61,ckasher7c@sina.com.cn,Mato Cheirinhos
266,Meade Niven,58,96236.28,mniven7d@amazon.com,Tuchlovice
267,Maybelle Pittson,81,121253.19,mpittson7e@a8.net,Karema
268,Wilhelmina Hagan,81,62139.28,whagan7f@gov.uk,Dazhigu
269,Obediah Klimecki,69,139542.68,oklimecki7g@disqus.com,Lumijoki
270,Elihu Vaney,81,143348.23,evaney7h@imgur.com,Umuquena
271,Robinson Gallemore,60,104409.24,rgallemore7i@123-reg.co.uk,Mitaka-shi
272,Wileen McPhelimey,82,110194.16,wmcphelimey7j@nhs.uk,Piraju
273,Dale Phython,46,144925.93,dphython7k@marriott.com,Keputran
274,Alexandro Wraxall,72,60092.53,awraxall7l@sohu.com,Raškovice
275,Alla Charrette,59,37225.38,acharrette7m@ed.gov,Åby
276,Urbano Murrey,82,54497.4,umurrey7n@jigsy.com,Lope de Vega
277,Killy Nisen,64,148085.05,knisen7o@51.la,Sapareva Banya
278,Jillayne Summerlee,23,137731.8,jsummerlee7p@shareasale.com,Limoges
279,Andonis McCormack,75,88838.03,amccormack7q@cbc.ca,Wanxian
280,Harmonie Vallender,22,56829.76,hvallender7r@friendfeed.com,Evansville
281,Ade Kerwood,24,144184.85,akerwood7s@hugedomains.com,Ostrów Lubelski
282,Chrotoem Catterell,64,95626.76,ccatterell7t@rakuten.co.jp,Balneário Camboriú
283,Hill Moen,34,85995.7,hmoen7u@craigslist.org,Nasīrābād
284,Regan Sudran,27,85126.4,rsudran7v@timesonline.co.uk,Itápolis
285,Mathilda Knobell,26,104621.59,mknobell7w@theatlantic.com,Dayuan
286,Abe Thyer,72,69872.46,athyer7x@people.com.cn,Drohiczyn
287,Kiele Mace,69,90921.82,kmace7y@google.co.uk,Mangero
288,Isador Pagon,54,77327.09,ipagon7z@i2i.jp,Olsztyn
289,Wilbert McGavin,23,68701.57,wmcgavin80@sitemeter.com,Elat
290,Beverlie Vayne,73,86563.55,bvayne81@taobao.com,Raciąż
291,Clayborne Aizikovich,60,91185.01,caizikovich82@chicagotribune.com,Maliana
292,Laird Shipman,31,138067.41,lshipman83@yolasite.com,Długosiodło
293,Forster Billiard,29,45916.24,fbilliard84@wikipedia.org,Pasirpengarayan
294,Stephen Rudge,56,85276.91,srudge85@last.fm,Bāsht
295,Glenda Saffrin,69,129556.19,gsaffrin86@tuttocitta.it,Ouango
296,Cindra Sivyer,90,114354.42,csivyer87@list-manage.com,Mashava
297,Merrel Mockett,65,116182.84,mmockett88@youtu.be,Tønsberg
298,Brynna Ebbings,18,147596.27,bebbings89@woothemes.com,Sa‘sa‘
299,Clarisse Kunzelmann,56,128933.66,ckunzelmann8a@alexa.com,Primorskiy
300,Adan Ambrodi,82,61404.98,aambrodi8b@parallels.com,Sijihong
301,Marjy Melendez,42,148835.95,mmelendez8c@i2i.jp,Huanchaco
302,Cheston Pease,83,35259.88,cpease8d@china.com.cn,Stockholm
303,Ynez Rudderham,38,68222.37,yrudderham8e@last.fm,Ananea
304,Tiffie Poynser,43,126724.96,tpoynser8f@deviantart.com,Jatisari
305,Vale Scutt,30,143869.87,vscutt8g@furl.net,Ilembula
306,Izaak Ianne,82,142285.66,iianne8h@infoseek.co.jp,Kỳ Anh
307,Sharron Wainer,41,40430.04,swainer8i@goodreads.com,Bafilo
308,Blakeley Jinks,21,133640.34,bjinks8j@samsung.com,Santiago del Torno
309,Francesca Million,25,71720.05,fmillion8k@twitter.com,Culubasa
310,Davie Truluck,48,73242.97,dtruluck8l@dmoz.org,Balkh
311,Giffie Fusedale,83,80707.73,gfusedale8m@netlog.com,Panganiban
312,Dotti Affuso,62,108850.76,daffuso8n@google.com,Cataguases
313,Amory Treharne,90,63695.47,atreharne8o@marriott.com,Vila Verde
314,Tim Press,56,129911.75,tpress8p@oaic.gov.au,Portel
315,Jefferson Coxhead,48,96251.25,jcoxhead8q@smh.com.au,Zel’va
316,Joni Orta,33,146244.0,jorta8r@miitbeian.gov.cn,Owczarnia
317,Daffie Fawcett,81,129628.75,dfawcett8s@indiegogo.com,Na'ale
318,Margalit Bromby,53,72234.41,mbromby8t@amazon.co.uk,Syracuse
319,Levin Klimowicz,34,80259.69,lklimowicz8u@go.com,Mafang
320,Ferne Cosans,87,70100.42,fcosans8v@kickstarter.com,Ouyang
321,Micky Kahan,57,63981.64,mkahan8w@1und1.de,Pancur
322,Annmarie Natwick,43,59608.56,anatwick8x@slate.com,Maji
323,Trude Pardie,41,57672.73,tpardie8y@boston.com,Shushi
324,Jermayne Carney,77,109108.19,jcarney8z@rediff.com,Eskifjörður
325,Mick Woodson,72,46297.98,mwoodson90@unicef.org,Figueiredo
326,Isac Turrill,87,122258.83,iturrill91@reuters.com,Čajetina
327,Denney Twiddell,45,136525.63,dtwiddell92@quantcast.com,Xihu
328,Trudi Ondrak,90,108249.83,tondrak93@51.la,Timur
329,Sarah Ganter,56,138767.39,sganter94@github.io,Xiaogang
330,Newton Viel,31,148113.18,nviel95@seattletimes.com,Guider
331,Halimeda Crunkhorn,75,108221.14,hcrunkhorn96@google.co.jp,Capela
332,Pebrook Horche,28,30063.33,phorche97@mac.com,Kupino
333,Lief Flook,57,118594.21,lflook98@t-online.de,Sanshilipu
334,Isaac Wankel,88,131164.0,iwankel99@blog.com,Yugawara
335,Olivia Alesi,80,50410.04,oalesi9a@feedburner.com,Ílion
336,Prue Heffy,64,73941.13,pheffy9b@fema.gov,"Palmas De Gran Canaria, Las"
337,Neilla Gilgryst,68,91403.05,ngilgryst9c@opensource.org,General Villegas
338,Marcile Whife,67,110030.85,mwhife9d@issuu.com,La Esperanza
339,Egan Oakeby,41,81985.38,eoakeby9e@hud.gov,Kirkkonummi
340,Beniamino Winterburn,55,56154.11,bwinterburn9f@newsvine.com,Palanas
341,Merci MacMaster,48,30412.54,mmacmaster9g@zdnet.com,Paris 17
342,Karalynn Newbegin,20,48768.99,knewbegin9h@sciencedaily.com,Caldas Novas
343,Godard Hughlin,52,88253.68,ghughlin9i@flavors.me,San Agustin
344,Ericha Levane,41,34671.5,elevane9j@netlog.com,George Hill
345,Frasquito Buckie,33,109398.34,fbuckie9k@mail.ru,Balally
346,Aurelia Murkus,42,82371.54,amurkus9l@ibm.com,Sevaster
347,Johna Sabatini,87,61660.31,jsabatini9m@devhub.com,Volokonovka
348,Eudora Elliker,77,62132.92,eelliker9n@ning.com,Colatina
349,Elna Lassetter,49,109076.64,elassetter9o@discuz.net,Laizhou
350,Jemmie Noah,23,102933.7,jnoah9p@xing.com,Cezi
351,Walliw Wills,73,110378.58,wwills9q@exblog.jp,Vishnyakovskiye Dachi
352,Robbi Baudy,87,101470.82,rbaudy9r@nhs.uk,Turka
353,Pennie Maudett,45,128221.9,pmaudett9s@shareasale.com,Rio Claro
354,Maurine Selwin,45,72391.3,mselwin9t@spotify.com,Silute
355,Tybalt Whimp,42,55621.29,twhimp9u@blinklist.com,Aix-en-Provence
356,Clara Fountaine,33,78921.11,cfountaine9v@hexun.com,Sakaraha
357,Laura Barthel,70,81507.0,lbarthel9w@mit.edu,Lembursawah
358,Aron Hutson,71,85557.7,ahutson9x@bravesites.com,Luo’ao
359,Nate Chesswas,66,90925.08,nchesswas9y@typepad.com,Weibin
360,Gannie Emanuel,88,42723.64,gemanuel9z@rambler.ru,Raposeira
361,Thaine Twell,69,43149.63,ttwella0@chronoengine.com,Ganlin
362,Heall Bleyman,86,46522.96,hbleymana1@t-online.de,Non Sung
363,Jeffry Besse,75,118004.07,jbessea2@mit.edu,Hetang
364,Letisha Low,47,47663.52,llowa3@blogger.com,Muurla
365,Maryellen Seppey,32,91847.27,mseppeya4@parallels.com,Vohipaho
366,Dosi Walls,82,56100.78,dwallsa5@google.co.jp,Rungis
367,Jayson Tzarkov,53,145378.3,jtzarkova6@diigo.com,Huanggang
368,Rubi Bigrigg,22,66442.14,rbigrigga7@wikimedia.org,Cochrane
369,Burch Skottle,36,36524.7,bskottlea8@phoca.cz,Riangkroko
370,Goran Livings,86,77552.53,glivingsa9@harvard.edu,Yigo Village
371,Felicia Skyram,45,44048.98,fskyramaa@usda.gov,Yanglinwei
372,Tiena Leathard,85,99987.09,tleathardab@plala.or.jp,Nisporeni
373,Thom Sturmey,45,84722.65,tsturmeyac@alibaba.com,Tembau
374,Hildy Ottery,37,117857.34,hotteryad@so-net.ne.jp,Haizigou
375,Noreen Croney,63,142974.76,ncroneyae@vk.com,Ölgiy
376,Janeta Beecheno,30,83488.34,jbeechenoaf@twitter.com,Gori
377,Lind Chadband,58,102780.72,lchadbandag@about.me,San Vicente
378,Vannie Kaser,65,70696.12,vkaserah@amazon.com,Wilków
379,Charmain Youde,42,120165.45,cyoudeai@nps.gov,Okrika
380,Thor Spores,37,30922.14,tsporesaj@fema.gov,Dongyuan
381,Moe Haws,90,140551.45,mhawsak@amazon.co.jp,Shuinan
382,Barbara-anne Bunner,90,42781.39,bbunneral@xinhuanet.com,Beit Horon
383,Giordano Ecles,48,51588.03,geclesam@blogtalkradio.com,Tuanzhou
384,Flossi Millimoe,90,64970.22,fmillimoean@unblog.fr,Dajing
385,Jerome Yakhin,40,133297.1,jyakhinao@usa.gov,Huiyi
386,Hyatt Ahrenius,71,98627.11,hahreniusap@chronoengine.com,Ayotupas
387,Alfred Broadley,70,144748.13,abroadleyaq@hc360.com,Sinajana Village
388,Dallas Heardman,85,83945.37,dheardmanar@about.com,Stende
389,Whitney Bigg,29,50554.09,wbiggas@timesonline.co.uk,Dafang
390,Deloris Mellanby,29,149331.74,dmellanbyat@moonfruit.com,Lushikeng
391,Melania Ivanaev,82,66598.38,mivanaevau@sciencedirect.com,Xiangba
392,Carlyle Kupka,67,90020.9,ckupkaav@nasa.gov,Litian
393,Norry Stearn,54,76630.1,nstearnaw@aboutads.info,Shawnee Mission
394,Jeane Shelbourne,67,51521.71,jshelbourneax@w3.org,Lanipao
395,Coriss Hutsby,23,111320.35,chutsbyay@guardian.co.uk,Skarbimierz Osiedle
396,Ollie Hinkley,45,149146.59,ohinkleyaz@businessweek.com,Waitun
397,Prudy Wapples,20,68519.21,pwapplesb0@purevolume.com,Strumica
398,Adelle Finlater,68,78770.1,afinlaterb1@yelp.com,Tafí del Valle
399,Gertie Gosby,88,123179.26,ggosbyb2@infoseek.co.jp,Oshnavīyeh
400,Eal Gibbard,59,127144.16,egibbardb3@senate.gov,Pau
401,Linc Petigrew,85,78370.5,lpetigrewb4@yelp.com,Diancun
402,Portia O'Kinedy,37,95711.06,pokinedyb5@wikia.com,Rognedino
403,Julee Valintine,89,34230.45,jvalintineb6@oakley.com,Mérignac
404,Sanford Connar,51,144564.31,sconnarb7@purevolume.com,Bacnar
405,Casey Longmaid,79,66210.15,clongmaidb8@aol.com,Al Maşlūb
406,Yasmeen Todd,69,101277.01,ytoddb9@google.com.hk,Ar Ruţbah
407,Kevin Brabant,89,81521.61,kbrabantba@eventbrite.com,Dobrošte
408,Gusella Copozio,27,123517.18,gcopoziobb@typepad.com,München
409,Chickie Neely,67,88155.56,cneelybc@washington.edu,Stockholm
410,Abbot Waldron,78,73018.11,awaldronbd@census.gov,Agen
411,Elayne Shoveller,73,128823.37,eshovellerbe@clickbank.net,Pingfeng
412,Gregorio Shoebottom,65,89817.64,gshoebottombf@nba.com,Miaotang
413,Job MacGillreich,22,78036.73,jmacgillreichbg@unesco.org,Gaozhuang
414,Cindie Pullan,50,86709.02,cpullanbh@surveymonkey.com,El Guamo
415,Nessy Rouchy,43,75573.11,nrouchybi@mediafire.com,Soca
416,Wynnie Dring,79,36187.21,wdringbj@businessinsider.com,Kolsko
417,Ainslee Titcomb,88,45364.48,atitcombbk@ibm.com,Chusovoy
418,Jobie Scherme,20,144812.06,jschermebl@addthis.com,Tayturka
419,Morry Mewburn,28,35017.52,mmewburnbm@marriott.com,Clonskeagh
420,Herbert Garfirth,34,95482.79,hgarfirthbn@yellowpages.com,Altos
421,Brianne Barge,66,100698.17,bbargebo@slashdot.org,Lyubashivka
422,Benjamin Wisham,36,103504.94,bwishambp@xing.com,Ambatondrazaka
423,Umberto Cantera,78,121717.89,ucanterabq@irs.gov,Oskarshamn
424,Eldin Tyers,90,140783.95,etyersbr@baidu.com,Santiago De Compostela
425,Shandeigh Guarnier,68,128566.63,sguarnierbs@gmpg.org,Las Matas de Santa Cruz
426,Chrissie Sandever,73,84673.05,csandeverbt@addthis.com,Kot Sultan
427,Kennan Bairnsfather,50,117868.29,kbairnsfatherbu@google.it,Umanggudang
428,Gus Behnen,84,146547.86,gbehnenbv@hhs.gov,Kalidung
429,Inigo Folger,54,131283.41,ifolgerbw@wunderground.com,Kirs
430,Babbie Rudgard,54,52235.0,brudgardbx@xrea.com,Arnprior
431,Amie Lipp,74,128482.52,alippby@typepad.com,Liuche
432,Jaclin Usherwood,78,75447.02,jusherwoodbz@desdev.cn,Kaputian
433,Moria Tallow,47,73862.25,mtallowc0@toplist.cz,Berlin
434,Hedi Carlyle,59,140394.94,hcarlylec1@cam.ac.uk,Nieuwegein
435,Hetti Fend,29,109092.68,hfendc2@princeton.edu,Guling
436,Nalani Rattenbury,18,108678.73,nrattenburyc3@123-reg.co.uk,Karakol
437,Saree Matfin,32,60910.39,smatfinc4@angelfire.com,Gangmian
438,Dalis Stockall,60,148413.54,dstockallc5@businessinsider.com,Xuancheng
439,Maurise Joynson,73,36273.12,mjoynsonc6@goo.gl,Morro do Chapéu
440,Drake Cradick,47,50992.74,dcradickc7@hibu.com,Czarne
441,Ellene Dundredge,19,63942.0,edundredgec8@google.com.br,Langtou
442,Humbert Possell,83,34410.71,hpossellc9@upenn.edu,Changning
443,Issi Welbeck,58,131365.49,iwelbeckca@edublogs.org,Kotingnatagete
444,Nikkie McCaughran,90,147589.43,nmccaughrancb@issuu.com,Colatina
445,Gery Fluit,60,99061.72,gfluitcc@stanford.edu,Sukarame
446,Mamie Jaher,40,37325.25,mjahercd@miitbeian.gov.cn,Neochóri
447,Paquito McVicker,71,140764.58,pmcvickerce@facebook.com,Mambulo
448,Jody Wales,55,87143.53,jwalescf@lycos.com,Krajan Menggare
449,Calli Longfellow,73,39316.1,clongfellowcg@blinklist.com,Bejuco
450,Dietrich Vaar,57,70366.14,dvaarch@skyrock.com,Santa Cruz
451,Bobbe Denington,86,146822.48,bdeningtonci@bluehost.com,Nerchinsk
452,Noami Lukianov,36,83821.25,nlukianovcj@foxnews.com,Fatumuti
453,Fawn Mewburn,83,96449.91,fmewburnck@gov.uk,Tumpang Satu
454,Jelene Barg,86,142894.68,jbargcl@cdc.gov,Sainte-Anne-des-Plaines
455,Gerty Haddick,63,129410.24,ghaddickcm@vkontakte.ru,Grenoble
456,Tammy Bastistini,71,43362.36,tbastistinicn@usnews.com,Luzhou
457,Lauren Tremouille,20,85465.78,ltremouilleco@loc.gov,Ronggui
458,Bliss Wrightham,81,39025.9,bwrighthamcp@unc.edu,Haiyang
459,Niki Ancliffe,71,86369.39,nancliffecq@springer.com,Guadalupe
460,Ignacius Lishmund,73,112618.91,ilishmundcr@blogs.com,Senhor da Serra
461,Evelyn Slegg,77,143921.71,esleggcs@woothemes.com,Brody
462,Glen Greger,57,84083.48,ggregerct@weibo.com,Baguim do Monte
463,Ichabod Chicchelli,23,96108.8,ichicchellicu@dailymotion.com,Dili
464,Zebadiah Dorn,85,48579.33,zdorncv@wikispaces.com,Trá Mhór
465,Page Indruch,73,139476.48,pindruchcw@usnews.com,Caldas das Taipas
466,Kamillah McClosh,54,99889.52,kmccloshcx@macromedia.com,Katsikás
467,Jodie Dyerson,21,53050.76,jdyersoncy@hp.com,Zhengyangshan
468,Mikol Drejer,82,119011.53,mdrejercz@cdbaby.com,Santa Lucia
469,Kristoforo Gianelli,43,73872.57,kgianellid0@hhs.gov,Nashville
470,Cheri Rowsell,51,73086.74,crowselld1@paginegialle.it,Liuqiao
471,Jamison Sergison,50,59685.82,jsergisond2@howstuffworks.com,Frýdlant
472,Brandy Tolan,90,133304.82,btoland3@taobao.com,Longguang
473,Tatiania Stanworth,84,124714.58,tstanworthd4@addtoany.com,Pokrovskoye
474,Coop Szymonwicz,68,144994.37,cszymonwiczd5@vistaprint.com,Kiyawa
475,Heindrick Baggally,30,90177.1,hbaggallyd6@ameblo.jp,Wenquan
476,Chicky Tchaikovsky,23,76425.96,ctchaikovskyd7@biblegateway.com,Boguchwała
477,Alasdair Kunzler,77,116270.71,akunzlerd8@biblegateway.com,Rosmalen
478,Rooney Jecock,76,42954.83,rjecockd9@seesaa.net,Drenova
479,Starla Lockney,65,49112.19,slockneyda@mayoclinic.com,Tysmenychany
480,Virginie Boise,41,73466.33,vboisedb@businesswire.com,Ficksburg
481,Darsie Handrick,37,102449.72,dhandrickdc@stanford.edu,Zhangzhu
482,Fletch Symper,82,52395.8,fsymperdd@wiley.com,Kan’onjichō
483,Mamie Bostock,52,39436.72,mbostockde@va.gov,Mahalapye
484,Orsa Candie,84,71292.87,ocandiedf@pbs.org,Clisson
485,Ludovika Jopling,71,98360.01,ljoplingdg@tuttocitta.it,Thamaga
486,Isidro Shalloe,47,100834.41,ishalloedh@adobe.com,Huayllabamba
487,Manolo Tapsfield,25,139228.85,mtapsfielddi@adobe.com,Dhī Nā‘im
488,Noak Thomason,87,138041.22,nthomasondj@dyndns.org,Nangalisan
489,Gustaf Piperley,76,138875.42,gpiperleydk@t-online.de,Rzepiennik Strzyżewski
490,Elena Pountain,19,93328.66,epountaindl@linkedin.com,Guta
491,Virgie Wakely,54,68596.38,vwakelydm@163.com,Santa Eulalia
492,Shanan Deans,28,76024.17,sdeansdn@sfgate.com,Peresvet
493,Alyosha Garfoot,62,109506.95,agarfootdo@mapquest.com,Albacete
494,Osborne Harnwell,80,100728.0,oharnwelldp@un.org,Limoges
495,Rem Rawlin,30,128890.42,rrawlindq@tmall.com,San Fernando del Valle de Catamarca
496,Sapphire Portlock,49,35423.41,sportlockdr@google.pl,Wattegama
497,Liv Jordanson,57,139594.54,ljordansonds@weebly.com,Zhigulevsk
498,Shanta Saffer,33,143534.83,ssafferdt@fc2.com,Seynod
499,Tillie Torvey,18,139436.42,ttorveydu@abc.net.au,Bodø
500,Ealasaid Marxsen,32,54320.64,emarxsendv@twitpic.com,Bao’an
501,Jamie Brunn,47,55849.84,jbrunndw@oracle.com,Messíni
502,Tamma Scopyn,27,141346.55,tscopyndx@accuweather.com,Tumpakkepuh
503,Keeley Fulep,84,95783.96,kfulepdy@4shared.com,Pombal
504,Darsie Pedgrift,43,78071.51,dpedgriftdz@marriott.com,Ning’an
505,Sydney Iacovini,62,123174.53,siacovinie0@networksolutions.com,Aranas Sur
506,Jacqueline Aikman,27,97727.29,jaikmane1@cam.ac.uk,Gornja Koprivna
507,Tiphani Derobert,66,63815.5,tderoberte2@apple.com,Ḩurayḑah
508,Joshua Golightly,84,109706.14,jgolightlye3@jalbum.net,Saint-Denis
509,Yasmeen Kinner,58,52331.52,ykinnere4@mozilla.org,Linjiang
510,Onida Cullity,34,128725.39,ocullitye5@stanford.edu,Marseille
511,Sibylla Scini,20,83308.83,sscinie6@blinklist.com,Skórcz
512,Dorry Stienton,35,128237.26,dstientone7@huffingtonpost.com,Desnogorsk
513,Shana Goozee,63,55325.82,sgoozeee8@cpanel.net,Shengtang
514,Nicol Toomey,87,141100.0,ntoomeye9@irs.gov,Magallanes
515,Octavia Tottie,27,67226.46,otottieea@symantec.com,Rockford
516,Heindrick Ibbott,31,120662.55,hibbotteb@msn.com,Sop Pong
517,Nanine Risso,54,73838.39,nrissoec@gizmodo.com,Boroon
518,Cletis Pateman,83,106676.85,cpatemaned@theglobeandmail.com,As Sayyānī
519,Haven Dorbin,83,33761.63,hdorbinee@slate.com,Shitan
520,Moses Petre,37,69693.9,mpetreef@i2i.jp,Bardo
521,Rolando Raistrick,82,48978.54,rraistrickeg@salon.com,Kuzhorskaya
522,Kayne Escritt,81,90955.23,kescritteh@seesaa.net,Metsovo
523,Carly Cahani,86,33124.84,ccahaniei@phoca.cz,Cergy-Pontoise
524,Erek MacFaell,40,60060.48,emacfaellej@123-reg.co.uk,Tenri
525,Dore Nuschke,34,72740.33,dnuschkeek@ucoz.com,Korsze
526,Corenda Hawkswood,79,134051.13,chawkswoodel@imgur.com,Donostia-San Sebastian
527,Amerigo Dayton,70,145575.97,adaytonem@ucoz.com,Mali
528,Shanna Spriddle,59,47965.24,sspriddleen@typepad.com,Kefar Tavor
529,Corny Morsley,57,141627.29,cmorsleyeo@wiley.com,Aţ Ţawīlah
530,Leif Phillis,36,98440.52,lphillisep@php.net,Prigrevica
531,Dino Coveny,51,73569.01,dcovenyeq@ca.gov,Yun’an
532,Ware Yaldren,83,54510.77,wyaldrener@linkedin.com,Atsipópoulon
533,Kellina O'Leahy,74,30635.23,koleahyes@fc2.com,Karlskoga
534,Nikaniki Bardsley,68,59415.59,nbardsleyet@goo.ne.jp,Pandan
535,Conrado Boyles,70,67529.79,cboyleseu@meetup.com,Gaomiaoji
536,Lindi Benford,21,83087.17,lbenfordev@wordpress.com,Rawa Satu
537,Benjie Grunwald,48,56405.96,bgrunwaldew@fotki.com,Anyang
538,Kira Norwood,29,102079.56,knorwoodex@paginegialle.it,Pantaihambawang
539,Silvie Frenchum,58,112208.11,sfrenchumey@washingtonpost.com,Padangpanjang
540,Chiquita Doick,37,81408.42,cdoickez@com.com,Guinsadan
541,Alexine Venny,45,83547.47,avennyf0@sohu.com,Reims
542,Veronique Gundry,81,104511.23,vgundryf1@intel.com,Bakau
543,Giselle Keepe,28,148317.68,gkeepef2@disqus.com,Ar Rumaythīyah
544,Mel Millsap,40,127491.1,mmillsapf3@home.pl,Mobai
545,Estevan Liccardo,87,116831.94,eliccardof4@simplemachines.org,Tenancingo
546,Lesli Jowett,84,60047.94,ljowettf5@tiny.cc,San Carlos
547,Maddalena Hartshorne,34,124230.51,mhartshornef6@xinhuanet.com,Barbalha
548,Jermain Pauletti,29,69854.96,jpaulettif7@issuu.com,Santa Cruz
549,Dreddy Malamore,70,117838.67,dmalamoref8@kickstarter.com,Sambiyan
550,Brand McCroft,77,142247.9,bmccroftf9@tripod.com,Bŭstonqal’a
551,Adrienne Partlett,70,37310.22,apartlettfa@etsy.com,Kowale Oleckie
552,Adriena Coopey,81,91137.98,acoopeyfb@youtube.com,Wangren
553,Nert Ranscome,70,46565.09,nranscomefc@fc2.com,Sokol
554,Wini Levington,74,130244.3,wlevingtonfd@slideshare.net,Engure
555,Rois Turle,19,58967.58,rturlefe@businessinsider.com,Ozherel’ye
556,Lita Haslin,36,147051.87,lhaslinff@issuu.com,Lainqu
557,Aime Konrad,84,43772.07,akonradfg@skype.com,Koumra
558,Florri Burchfield,66,113109.17,fburchfieldfh@ameblo.jp,Chaoyang
559,Westbrooke Nolli,52,30841.99,wnollifi@nature.com,Skidal’
560,Michel McHarry,35,114953.44,mmcharryfj@foxnews.com,Finspång
561,Wallas Busk,75,36212.05,wbuskfk@trellian.com,Veliki Grđevac
562,Hagan Battany,84,133713.95,hbattanyfl@senate.gov,Al Jafr
563,Larine Lowry,47,132720.26,llowryfm@miitbeian.gov.cn,Liuhe
564,Maiga Verillo,49,96519.75,mverillofn@ocn.ne.jp,Laguna de Perlas
565,Stacee Crutcher,21,133613.04,scrutcherfo@pbs.org,Färgelanda
566,Carmine McDougall,47,30661.29,cmcdougallfp@gizmodo.com,Dapawan
567,Ives Sickamore,24,61590.82,isickamorefq@dailymotion.com,Vogan
568,Gertruda Lindfors,48,30704.25,glindforsfr@uiuc.edu,Gaozhou
569,Angy Erley,42,94662.82,aerleyfs@soundcloud.com,Zastron
570,Faunie Dodds,86,65789.8,fdoddsft@buzzfeed.com,An Châu
571,Chandal Morey,37,48622.24,cmoreyfu@mlb.com,Runting
572,Cynthie Rizon,70,63739.53,crizonfv@furl.net,Okcheon
573,Sybil Nouch,44,111300.55,snouchfw@xrea.com,Santa Clara La Laguna
574,Patrice Sexti,81,86665.91,psextifx@quantcast.com,Cabanilla
575,Herculie Mortell,88,98500.05,hmortellfy@china.com.cn,Kobylanka
576,Blythe Gowthorpe,35,114707.12,bgowthorpefz@usatoday.com,Thoeng
577,Ximenes Briamo,18,120859.86,xbriamog0@omniture.com,Nantes
578,Polly Forstall,56,43948.4,pforstallg1@smh.com.au,Staroyur’yevo
579,Taryn McIlwain,27,56170.07,tmcilwaing2@ftc.gov,Tyoply Stan
580,Freeman Vanshin,41,95542.58,fvanshing3@state.gov,Kuragaki-kosugi
581,Falkner McAllan,29,125477.04,fmcallang4@bandcamp.com,São José do Rio Pardo
582,Beatrisa Cheshire,45,116870.8,bcheshireg5@cisco.com,Nor Gyugh
583,Erl Pressdee,89,84884.8,epressdeeg6@un.org,Pampachiri
584,Marius Bernardeau,19,71869.97,mbernardeaug7@va.gov,Raduzhnyy
585,Bellanca Grene,60,43432.26,bgreneg8@biblegateway.com,Cihua
586,Barb Flanders,37,43169.06,bflandersg9@tumblr.com,Juatuba
587,Natalie Catherall,69,77435.7,ncatherallga@jimdo.com,Sundsvall
588,Dinny Fairney,44,74248.5,dfairneygb@uol.com.br,Călăraşi
589,Nicki Danelut,24,56822.44,ndanelutgc@pbs.org,Ash Shuhadā’
590,Bill Ottam,85,108585.48,bottamgd@sourceforge.net,Marogong
591,Vallie Barnewall,80,37956.32,vbarnewallge@tuttocitta.it,Lianhe
592,Samantha O'Leary,52,74014.9,solearygf@wikia.com,Huilelot
593,Frasier Trench,46,121128.31,ftrenchgg@about.com,Skorogoszcz
594,Vail Polgreen,24,60923.54,vpolgreengh@de.vu,Kauniainen
595,Earlie Udall,88,89547.33,eudallgi@apple.com,Souflí
596,Priscilla Miroy,80,144734.64,pmiroygj@nymag.com,Polowat
597,Eugene Lewing,67,83944.31,elewinggk@cargocollective.com,Palma De Mallorca
598,Ferdinanda Zanre,80,34761.82,fzanregl@github.com,Brazzaville
599,Turner Chislett,25,104422.29,tchislettgm@opensource.org,Orléans
600,Marga Gligorijevic,56,88067.89,mgligorijevicgn@nydailynews.com,Vyazniki
601,Clemente Curado,26,54599.19,ccuradogo@g.co,Tawan tawan
602,Caleb Neubigging,80,61144.63,cneubigginggp@alexa.com,Balboa
603,Candida O'Codihie,46,54513.57,cocodihiegq@irs.gov,Baliang
604,Corinne Keuneke,54,89421.53,ckeunekegr@odnoklassniki.ru,Ḑawrān ad Daydah
605,Desdemona Tommasetti,59,138347.22,dtommasettigs@opera.com,Leonídio
606,Chane Russan,25,113860.85,crussangt@godaddy.com,Rönninge
607,Daryl Crees,47,102542.28,dcreesgu@wisc.edu,Hevlín
608,Beatrix Hatfield,67,91294.4,bhatfieldgv@senate.gov,Nueve de Julio
609,Elissa Peret,51,31067.56,eperetgw@sogou.com,Xinchong
610,Mano Klammt,49,33604.99,mklammtgx@scribd.com,Beaumont
611,Daniela Brighty,19,125828.54,dbrightygy@sourceforge.net,Nizami
612,Adela Stonham,50,81252.21,astonhamgz@mozilla.org,Nanton
613,Miner Tulley,51,96233.47,mtulleyh0@si.edu,Jetak Kulon
614,Shayla Di Franceschi,89,129125.74,sdih1@fda.gov,Burgersfort
615,Tabby Antoszczyk,30,148284.38,tantoszczykh2@goodreads.com,Nekrasovka
616,Marie Zammett,73,79690.56,mzammetth3@sogou.com,Villarrica
617,Dallas Ranahan,40,43755.76,dranahanh4@hud.gov,Pshekhskaya
618,Colline Kidston,32,59736.35,ckidstonh5@geocities.jp,Puerto Eldorado
619,Dell Hallan,67,100759.75,dhallanh6@mit.edu,Santiago de Baney
620,Hamel Shuter,37,105050.57,hshuterh7@apple.com,Nova Prata
621,Lorrin Commander,81,145946.06,lcommanderh8@nationalgeographic.com,Dharān Bāzār
622,Henrik Renne,54,88812.28,hrenneh9@wufoo.com,Brooklyn
623,Livvy Goare,49,89335.11,lgoareha@surveymonkey.com,Tanbuqiao
624,Patricio Bollin,56,47849.69,pbollinhb@wikimedia.org,Ambarakaraka
625,Blaire Bridgett,85,56109.39,bbridgetthc@godaddy.com,Pampas Chico
626,Austina Malling,45,42438.5,amallinghd@icq.com,Balahovit
627,Any Roddy,62,40796.31,aroddyhe@topsy.com,Victoriaville
628,Patrice Gye,76,64196.11,pgyehf@ocn.ne.jp,Rennes
629,Cinderella Gert,78,34048.92,cgerthg@networkadvertising.org,Warungbuah
630,Lenka Laytham,80,81689.87,llaythamhh@liveinternet.ru,Plyeshchanitsy
631,Blanch Carslaw,30,79845.38,bcarslawhi@prlog.org,Darfield
632,Sheena Mooreed,52,39282.33,smooreedhj@ocn.ne.jp,Pakis
633,Franz Dayment,64,56299.1,fdaymenthk@unicef.org,Guihulñgan
634,Marcellus Pristnor,33,63189.67,mpristnorhl@google.com.au,Yuewan
635,Gwennie Durrant,39,97679.33,gdurranthm@tinyurl.com,Tanjung Palas
636,Mignonne Gaynor,82,66055.15,mgaynorhn@woothemes.com,Kilifi
637,Berry Masterman,38,111718.83,bmastermanho@t-online.de,Babakankiray
638,Gertie McNirlan,74,117116.98,gmcnirlanhp@csmonitor.com,Tangkeng
639,Tressa Torbett,58,46959.48,ttorbetthq@facebook.com,Miaoya
640,Bertram Benardet,75,47740.45,bbenardethr@goo.ne.jp,Shitan
641,Chev Brecon,78,106998.6,cbreconhs@technorati.com,Belene
642,Vergil Daniell,31,90728.52,vdaniellht@gnu.org,São João del Rei
643,Allina Ayer,71,73356.26,aayerhu@goo.ne.jp,Saint-Avertin
644,Dud Guthrum,89,48822.06,dguthrumhv@bloglines.com,Rawson
645,Halette Hancorn,68,109141.58,hhancornhw@engadget.com,Merapit
646,Donny Jouandet,90,50035.58,djouandethx@telegraph.co.uk,Malinao
647,Sasha Muzzlewhite,59,44828.36,smuzzlewhitehy@forbes.com,Seke
648,Dore Laflin,25,121866.05,dlaflinhz@w3.org,Rydułtowy
649,Brock Wingate,57,39413.22,bwingatei0@epa.gov,Ivanteyevka
650,Taylor Ettridge,81,88088.61,tettridgei1@topsy.com,Yedun
651,Gardie Dewis,28,87034.7,gdewisi2@blogtalkradio.com,Hexi
652,Tally Godspede,28,64929.82,tgodspedei3@wufoo.com,Hulutao
653,Kenon Iron,34,51543.86,kironi4@woothemes.com,Dazi
654,Weston Hillitt,33,44597.74,whillitti5@blinklist.com,Kuching
655,Marten Buttwell,29,121949.35,mbuttwelli6@odnoklassniki.ru,Donomulyo
656,Ilysa Mingay,77,63713.71,imingayi7@biblegateway.com,Zlatar
657,Jyoti McGlynn,87,64993.08,jmcglynni8@ox.ac.uk,Saint-Louis
658,Romy Kearey,28,83664.86,rkeareyi9@japanpost.jp,Kėdainiai
659,Halli Reese,75,102975.54,hreeseia@free.fr,Independencia
660,Audy Wheelwright,49,71781.59,awheelwrightib@skyrock.com,Ngancar
661,Frederigo Scarse,70,146890.07,fscarseic@wordpress.org,Huangmao
662,Artemus Witt,68,48426.62,awittid@jalbum.net,Ponta Porã
663,Giorgio Crosland,73,90758.95,gcroslandie@accuweather.com,Wates
664,Sella Stiggers,86,149784.58,sstiggersif@newsvine.com,Nantes
665,Markus Pigden,32,105331.35,mpigdenig@edublogs.org,Boavista
666,Brent Quodling,24,107255.73,bquodlingih@addthis.com,Andongrejo
667,Corbett Seward,37,130645.16,csewardii@abc.net.au,Cocorná
668,Gordie McFayden,76,31067.95,gmcfaydenij@slideshare.net,Rongcheng
669,Sayre Morrel,60,87513.7,smorrelik@amazon.de,Ardee
670,Ondrea Burrell,44,56671.68,oburrellil@latimes.com,Huaxijie
671,Joseito Dafydd,68,63548.63,jdafyddim@hud.gov,Zákupy
672,Winn Huleatt,37,111558.12,whuleattin@spiegel.de,Caicara
673,Rusty Van den Dael,69,64602.57,rvanio@unblog.fr,Bouaké
674,Rora Arrington,42,38524.79,rarringtonip@reuters.com,Ilyich
675,Verina Duchesne,51,49542.22,vduchesneiq@yahoo.co.jp,North York
676,Zack Bernardeau,45,43004.24,zbernardeauir@shop-pro.jp,Pasirputih
677,Milka Iglesiaz,50,79507.23,miglesiazis@hostgator.com,Putre
678,Conway Galpin,20,42620.0,cgalpinit@nih.gov,Kotakaya Dua
679,Rollins Toms,43,114106.9,rtomsiu@delicious.com,Tierra y Libertad
680,Amelita Barker,26,34394.48,abarkeriv@xinhuanet.com,Santa Rosa
681,Lucias Fulop,34,95963.83,lfulopiw@altervista.org,Gala
682,Laverna Greeves,45,56536.15,lgreevesix@slate.com,Weichanglu
683,Eirena Lovel,23,92268.44,eloveliy@go.com,Tāndo Mittha Khān
684,Mathilde Pilch,57,105724.81,mpilchiz@comsenz.com,Bonn
685,Wyatan Llywarch,52,106225.24,wllywarchj0@vistaprint.com,Panshi
686,Duky Jurasek,31,46788.75,djurasekj1@quantcast.com,Dhali
687,Lenora Albrook,21,40097.06,lalbrookj2@sun.com,Hyesan-dong
688,Mohandas Symcoxe,37,101947.2,msymcoxej3@w3.org,Namasuba
689,Robinson Surplice,21,55071.0,rsurplicej4@tamu.edu,Saripin
690,Cissiee Yeandel,19,38600.72,cyeandelj5@imgur.com,Töreboda
691,Bethanne Gunthorp,30,93838.66,bgunthorpj6@shareasale.com,Langley
692,Wandie Keyme,81,74309.01,wkeymej7@paypal.com,Matam
693,Hirsch Roches,30,136671.06,hrochesj8@instagram.com,Balekersukamaju
694,Gavin Breckell,34,36702.88,gbreckellj9@opensource.org,Göteborg
695,Chucho Elgey,70,37558.25,celgeyja@exblog.jp,Karangtengah
696,Dud Sextie,78,88006.4,dsextiejb@timesonline.co.uk,Quime
697,Henrietta Smythe,57,125668.94,hsmythejc@so-net.ne.jp,Sunne
698,Cecilio Dovidaitis,34,71309.21,cdovidaitisjd@webeden.co.uk,Kojagete
699,Pansy Garz,76,106048.04,pgarzje@senate.gov,Lyon
700,Adelaide Bartul,31,122220.52,abartuljf@cbslocal.com,Laowobao
701,Cullan Carrabott,39,106705.81,ccarrabottjg@newsvine.com,Ibiúna
702,Jeanna Steere,40,116841.48,jsteerejh@tumblr.com,Sendafa
703,Elsy Blaydes,77,51915.32,eblaydesji@cpanel.net,Cereté
704,Kerianne Sills,68,54664.56,ksillsjj@mtv.com,Peñaflor
705,Marris Binge,71,60671.06,mbingejk@t-online.de,Liujiagou
706,Scotty Dooland,40,132641.66,sdoolandjl@spiegel.de,Kurchatov
707,Roz Roddie,40,108289.0,rroddiejm@berkeley.edu,Tuofeng
708,Cordelia Le Houx,35,48072.47,clejn@mysql.com,Dukla
709,Everett Kolinsky,46,93143.22,ekolinskyjo@globo.com,Tsaghkaber
710,Agatha Twinborough,53,145401.81,atwinboroughjp@smugmug.com,Privlaka
711,Chuck Sparling,35,134867.91,csparlingjq@usda.gov,Binalonan
712,Hillie Rounds,38,104803.62,hroundsjr@newyorker.com,Bei’an
713,Almeda Mico,50,147012.56,amicojs@hugedomains.com,Dunhua
714,Stirling Hebdon,57,110096.45,shebdonjt@jimdo.com,Cantaura
715,Georgeanne Refford,27,137236.76,greffordju@geocities.com,Tlumach
716,Marissa Exell,32,119268.44,mexelljv@goo.ne.jp,Xiaojia
717,Johna Gladdin,58,132057.22,jgladdinjw@telegraph.co.uk,Borås
718,Dalt Schorah,81,33855.9,dschorahjx@goo.gl,Bairro de Santo António
719,Foster Nalder,40,47020.4,fnalderjy@ibm.com,Lubrza
720,Lezley Willmot,44,34477.34,lwillmotjz@yellowbook.com,Matanzas
721,Halsy Passingham,66,143067.97,hpassinghamk0@jalbum.net,Polje
722,Beverlee Etherington,23,125674.64,betheringtonk1@unblog.fr,Guxi
723,Devy Capps,86,88475.31,dcappsk2@omniture.com,Juncheng
724,Hinze Kuzemka,70,112896.35,hkuzemkak3@yale.edu,Brooklyn
725,Jobie Staton,49,93084.88,jstatonk4@auda.org.au,Huacaschuque
726,Rasla Meritt,18,62900.39,rmerittk5@themeforest.net,Nan’an
727,Ludovico Kalkofer,59,43472.48,lkalkoferk6@rakuten.co.jp,Linjiang
728,Georgena Oselton,66,63923.89,goseltonk7@sitemeter.com,Votkinsk
729,Charla Whistance,80,66023.11,cwhistancek8@dropbox.com,Strohonivka
730,Loni Lythgoe,34,42984.08,llythgoek9@addtoany.com,Jiumen
731,Gamaliel McCaskell,85,61539.97,gmccaskellka@plala.or.jp,Alagoinhas
732,Felecia Risbie,67,94768.68,frisbiekb@wikimedia.org,Linggamanik
733,Julee Ibbison,64,148514.11,jibbisonkc@zdnet.com,Nizhniy Kislyay
734,Amanda Deam,60,148724.09,adeamkd@wired.com,Spirovo
735,Odelinda Vickars,29,128662.68,ovickarske@ycombinator.com,Borok
736,Megan Wadelin,49,49149.26,mwadelinkf@netlog.com,Changcun
737,Hadleigh Lacaze,61,58932.95,hlacazekg@epa.gov,Marevo
738,Hermina Seak,38,42298.21,hseakkh@nydailynews.com,Toyokawa
739,Morgan Wybrew,26,84565.62,mwybrewki@webnode.com,Villa del Carmen
740,Brnaby Road,69,57400.78,broadkj@house.gov,Tierra y Libertad
741,Eleanor Endecott,90,48745.81,eendecottkk@hostgator.com,Thị Trấn Ngải Giao
742,Dorian Whiskin,27,149447.07,dwhiskinkl@hibu.com,Popovice
743,Fara Everist,78,36603.85,feveristkm@google.ca,Ozurgeti
744,Noemi Ruddy,79,92688.22,nruddykn@vimeo.com,Mandōl
745,Finn Weddup,68,72420.51,fweddupko@liveinternet.ru,Amberd
746,Gus Bernakiewicz,65,34909.31,gbernakiewiczkp@twitpic.com,Hanjiaji
747,Karylin Piddlehinton,29,144784.08,kpiddlehintonkq@bravesites.com,Tozkhurmato
748,Trudey Willsmore,80,146368.93,twillsmorekr@baidu.com,Chum Phae
749,Samaria Barroux,70,91844.66,sbarrouxks@state.gov,Migori
750,Franklin Tomisch,82,136752.65,ftomischkt@ca.gov,Ribeiro
751,Bud Checklin,47,147963.71,bchecklinku@gnu.org,Kamwenge
752,Alexandro Bolwell,35,143705.38,abolwellkv@blogger.com,Pinheiros
753,Paulita Burnsyde,70,35529.81,pburnsydekw@opera.com,Du’ermenqin
754,Evelyn Ghilardini,62,52769.77,eghilardinikx@netvibes.com,Zengjia
755,Gabi Liggett,69,122848.64,gliggettky@tinypic.com,San Antonio
756,Patton Matusovsky,80,61323.28,pmatusovskykz@bravesites.com,Sumuragung
757,Inger Starkings,53,100491.52,istarkingsl0@technorati.com,Nūr
758,Philly Nerval,73,133503.1,pnervall1@tmall.com,Stamford
759,Morly Fortman,22,62809.76,mfortmanl2@miitbeian.gov.cn,Bizhbulyak
760,Kellen Ovid,80,59460.7,kovidl3@squarespace.com,Xijiang
761,Solly Miquelet,88,44371.93,smiqueletl4@toplist.cz,Tsushima
762,Rudie Crowley,76,57944.0,rcrowleyl5@independent.co.uk,Ko Si Chang
763,Archie Havis,50,101634.21,ahavisl6@noaa.gov,Maunggora
764,Seka Mordy,55,49712.98,smordyl7@shop-pro.jp,Muara Siberut
765,Aurlie Priestnall,37,60933.51,apriestnalll8@ca.gov,Jinfeng
766,Brittan Perrot,38,30038.27,bperrotl9@tripadvisor.com,Bodzanów
767,Mil Jackes,77,59168.24,mjackesla@twitpic.com,Montélimar
768,Xymenes Codling,60,114900.24,xcodlinglb@creativecommons.org,Le Bourget-du-Lac
769,Andonis Barrow,27,48609.08,abarrowlc@theatlantic.com,Shibi
770,Dasya Peevor,65,110875.05,dpeevorld@archive.org,Paatan
771,Petronilla Male,44,119077.66,pmalele@dyndns.org,Uzlovaya
772,Gaby Biggadike,19,60849.79,gbiggadikelf@mapy.cz,Virovitica
773,Paolo Fishbie,80,139233.98,pfishbielg@uiuc.edu,Phayao
774,Witty Chace,54,95080.53,wchacelh@timesonline.co.uk,Cunliji
775,Nicki Yann,79,82773.8,nyannli@e-recht24.de,Pardubice
776,Jessamyn Offord,33,87168.0,joffordlj@reverbnation.com,Liulin
777,Nat McGovern,22,61425.64,nmcgovernlk@foxnews.com,Morbatoh
778,Brigit Shard,29,52469.71,bshardll@vimeo.com,Soho
779,Gawen Neild,70,77344.96,gneildlm@weebly.com,Milwaukee
780,Elfrieda Northing,68,64092.34,enorthingln@sciencedaily.com,Songgang-dong
781,Margette Haughton,22,70610.25,mhaughtonlo@imdb.com,Komsomol’sk
782,Magdalene Moyler,31,40295.76,mmoylerlp@lulu.com,Zákupy
783,Jacklyn Pughsley,76,84652.74,jpughsleylq@stanford.edu,Mukdahan
784,Lyndsay Dyson,50,59774.02,ldysonlr@elpais.com,Wanbu
785,Jayson Easseby,22,113565.86,jeassebyls@tripadvisor.com,Wujiaying
786,Ophelia Markey,31,96147.83,omarkeylt@google.nl,Rakai
787,Minne Jaouen,57,80665.17,mjaouenlu@bloglines.com,Rodas
788,Marley Hebbs,64,146544.47,mhebbslv@sourceforge.net,Dū Laīnah
789,Eryn Anning,27,65909.73,eanninglw@sohu.com,Tucumã
790,Hildy Oels,36,105092.17,hoelslx@deviantart.com,Xinchenglu
791,Drake Dymocke,71,75954.13,ddymockely@stumbleupon.com,Pittsburgh
792,Rolland Conisbee,56,71640.2,rconisbeelz@vimeo.com,Dugcal
793,Grange Tilling,83,36393.41,gtillingm0@technorati.com,Humaitá
794,Alan Wilkinson,83,94124.82,awilkinsonm1@reverbnation.com,Mgandu
795,Arley Huxley,62,91484.12,ahuxleym2@ezinearticles.com,Los Lotes
796,Tracie Burgum,19,128964.88,tburgumm3@theglobeandmail.com,Olesno
797,Henry Brasted,35,60291.4,hbrastedm4@joomla.org,Shangyu
798,Debbi di Rocca,51,138387.95,ddim5@oracle.com,Luyang
799,Tobe Stain,82,68765.06,tstainm6@jigsy.com,Shuiying
800,Tadio Milsap,81,141226.07,tmilsapm7@cafepress.com,Överkalix
801,Barnabe Kennaway,52,85507.46,bkennawaym8@booking.com,Emmen
802,Silva Bulger,85,138205.76,sbulgerm9@clickbank.net,Dasol
803,Muriel MacAllen,45,101801.21,mmacallenma@guardian.co.uk,Namalenga
804,Aurilia Migheli,79,110988.85,amighelimb@wordpress.com,Aydūn
805,Gwyneth Dobbson,44,100364.63,gdobbsonmc@arizona.edu,Ambatondrazaka
806,Bald Guido,32,75035.06,bguidomd@opensource.org,Ngadri
807,Duncan Common,50,144414.85,dcommonme@theatlantic.com,Kommunisticheskiy
808,Corny Locket,27,77625.74,clocketmf@tiny.cc,Cikeper
809,Herold Zimmermeister,77,109537.27,hzimmermeistermg@yahoo.co.jp,Saku
810,Manya Regenhardt,37,145964.97,mregenhardtmh@i2i.jp,Metz
811,Carly Pingstone,64,45290.69,cpingstonemi@free.fr,Valcheta
812,Mireielle Pakenham,82,129921.83,mpakenhammj@mit.edu,Nkayi
813,Agnesse Jonathon,60,126536.09,ajonathonmk@ihg.com,Noen Maprang
814,Cecily Cleynman,29,108625.88,ccleynmanml@diigo.com,Nyzhnya Krynka
815,Otha Yaxley,60,91029.35,oyaxleymm@oakley.com,Bibirevo
816,Thaine Iley,47,71425.53,tileymn@sohu.com,Poligny
817,Stanislaw Sneden,42,71679.37,ssnedenmo@bloomberg.com,Kamyshevatskaya
818,Cyrillus Dingsdale,88,145299.05,cdingsdalemp@nationalgeographic.com,Ban Nahin
819,Carolee Maclean,61,38586.48,cmacleanmq@about.me,Hengdian
820,Walton Drinkale,57,46648.03,wdrinkalemr@wordpress.org,Luzhou
821,Kathryn Cody,53,40327.69,kcodyms@cbslocal.com,Pinheiral
822,Sigrid Ilchuk,74,141730.91,silchukmt@hatena.ne.jp,Cerna
823,Meridith Everest,74,59444.92,meverestmu@forbes.com,Hexing
824,Nikoletta Ranvoise,68,65134.58,nranvoisemv@acquirethisname.com,Stockholm
825,Rasia Hurrion,44,98622.39,rhurrionmw@pen.io,Made
826,Rowland Kinsley,71,118412.08,rkinsleymx@imgur.com,Myanaung
827,Oneida Lacelett,82,37394.63,olacelettmy@is.gd,Krajenka
828,Arda Braunter,61,42737.56,abrauntermz@va.gov,Zouérat
829,Noelle Laurance,68,119237.02,nlaurancen0@ehow.com,Sapphaya
830,Sandra Siddon,70,83710.26,ssiddonn1@eepurl.com,Plewiska
831,Guenna Tindley,77,104061.62,gtindleyn2@typepad.com,Niafunké
832,Care Boulsher,32,128079.33,cboulshern3@reuters.com,San Bautista
833,Kristyn Messruther,29,50525.99,kmessruthern4@webeden.co.uk,Bacem
834,Heindrick Creaney,46,63657.6,hcreaneyn5@forbes.com,Little Rock
835,Fredi Easdon,64,63797.04,feasdonn6@dot.gov,Heredia
836,Alfie McCahill,36,48312.09,amccahilln7@cornell.edu,Selishche
837,Berthe Cottom,59,41134.67,bcottomn8@wikipedia.org,Ayang-ni
838,Stanislaw Grumley,49,125197.05,sgrumleyn9@businessweek.com,Gémeos
839,Eugenia Loughlin,53,102850.22,eloughlinna@time.com,Bangker
840,Kare McKeran,72,54339.19,kmckerannb@dot.gov,Niechanowo
841,Kendell Barrowclough,83,83740.58,kbarrowcloughnc@blogs.com,Issoudun
842,Filide Wederell,26,88492.18,fwederellnd@mozilla.com,El Rancho
843,Egan Druce,61,71654.9,edrucene@artisteer.com,Petropavlivka
844,Evaleen Trewett,63,86299.69,etrewettnf@gizmodo.com,Jāsim
845,Dalt Barrim,77,124023.96,dbarrimng@columbia.edu,Cabreúva
846,Bobinette Wignall,43,85767.35,bwignallnh@discuz.net,Saint-Gratien
847,Kayley Hartburn,67,126567.08,khartburnni@europa.eu,Paquera
848,Jorge Attle,64,50936.27,jattlenj@parallels.com,Qingyang
849,Isac Adrien,24,123061.95,iadriennk@home.pl,Mangochi
850,Phoebe Grassett,46,145051.67,pgrassettnl@pcworld.com,Sarpsborg
851,Marisa Arendt,85,46917.48,marendtnm@umich.edu,Wilamowice
852,Eben Garmey,59,145782.7,egarmeynn@privacy.gov.au,Taldyqorghan
853,Matthias Rose,34,30481.55,mroseno@dion.ne.jp,Atuntaqui
854,Jolie Mordy,88,138751.5,jmordynp@xinhuanet.com,Bani
855,Bartlett Tristram,86,147047.25,btristramnq@google.com.br,Velikiy Ustyug
856,Katheryn Hawyes,51,65752.59,khawyesnr@wikia.com,Vrakháti
857,Friedrick Fowell,34,108289.2,ffowellns@ning.com,Kimry
858,Josee Swayne,31,74321.07,jswaynent@army.mil,Konče
859,Ellen Petrina,83,94691.17,epetrinanu@washingtonpost.com,Svetlanovskiy
860,Towny Heifer,59,93475.11,theifernv@hibu.com,Ké-Macina
861,Barrie Gidney,60,68965.35,bgidneynw@fda.gov,Bartica
862,Magda Bilofsky,65,105402.68,mbilofskynx@discuz.net,Yangjingziwan
863,Troy Wittey,47,135688.67,twitteyny@pbs.org,Jawa
864,Pace Drakes,87,122132.63,pdrakesnz@blogs.com,Bagrāmī
865,Arte Everix,60,68193.57,aeverixo0@timesonline.co.uk,Goussainville
866,Minnaminnie De Domenico,32,126567.77,mdeo1@bravesites.com,Kaduketug
867,Noelani Crickmer,43,101573.36,ncrickmero2@guardian.co.uk,Liyang
868,Laverna Perrinchief,44,37646.2,lperrinchiefo3@nationalgeographic.com,Heshengbao
869,Abramo Cron,38,114932.92,acrono4@mapquest.com,Las Palmas
870,Gillie Seath,46,41325.09,gseatho5@pinterest.com,Lunao
871,Clayborne Edmeades,84,131446.44,cedmeadeso6@ox.ac.uk,Mont-Saint-Aignan
872,Pearline Beach,29,117136.04,pbeacho7@rakuten.co.jp,Asykata
873,Kaleena Armsden,85,129311.24,karmsdeno8@who.int,Lumby
874,Elias Konke,25,146607.36,ekonkeo9@wisc.edu,Atamyrat
875,Roddy Vipan,70,138358.01,rvipanoa@google.com,Ngunguru
876,Timotheus Shearston,56,47710.68,tshearstonob@purevolume.com,Angers
877,Kalli Ware,46,80665.02,kwareoc@parallels.com,Kuanfatu
878,Esther Coombs,88,46368.56,ecoombsod@alexa.com,Dŭstí
879,Melonie Kuhwald,25,134895.73,mkuhwaldoe@admin.ch,Papilawe
880,Johan Ogger,32,112448.68,joggerof@simplemachines.org,Lindome
881,Bethena Hedylstone,65,78977.0,bhedylstoneog@cargocollective.com,Vimmerby
882,Kassandra Dullingham,58,68900.47,kdullinghamoh@dell.com,Staryy Krym
883,Tildy Cheney,37,76799.68,tcheneyoi@apache.org,Lyudinovo
884,Elsi Ballach,88,39462.38,eballachoj@yandex.ru,Chico
885,Ulrick Busfield,71,58870.09,ubusfieldok@huffingtonpost.com,Yingtan
886,Cammie Sawle,67,92078.91,csawleol@liveinternet.ru,Yongfeng
887,Abra Puckrin,89,42061.79,apuckrinom@storify.com,Xinzhan
888,Zorina Villalta,80,129802.09,zvillaltaon@google.com,Lutou
889,Marten Poff,67,142235.53,mpoffoo@walmart.com,Karlobag
890,Josepha Gladden,51,104936.7,jgladdenop@hexun.com,Qincheng
891,Rozanne MacMychem,47,76394.74,rmacmychemoq@marriott.com,Marne-la-Vallée
892,Letitia Jeremiah,24,120483.33,ljeremiahor@amazon.co.jp,Sambopinggir
893,Robinetta Atthow,24,138850.45,ratthowos@ca.gov,Itarana
894,Aleta Leng,27,103090.69,alengot@dedecms.com,Ngepoh Kidul
895,Lannie Haine,68,70507.42,lhaineou@booking.com,Wilmington
896,Teresina Chansonnau,54,65869.18,tchansonnauov@microsoft.com,Muḩradah
897,Leilah Hillborne,65,134827.72,lhillborneow@g.co,São Mamede de Infesta
898,Kayla Geddes,21,105726.35,kgeddesox@purevolume.com,Hlyboka
899,Saxe Sumpton,85,126319.43,ssumptonoy@hugedomains.com,Selínia
900,Netta Nestle,20,116163.85,nnestleoz@zdnet.com,El Refugio
901,Carmelle Vollam,25,75650.24,cvollamp0@google.pl,Sumberrojokrajan
902,Giraud Egle,67,34102.38,geglep1@amazonaws.com,Dazhou
903,Lucie Wallbutton,80,139589.47,lwallbuttonp2@loc.gov,Langtad
904,Roger Bonafant,28,50900.04,rbonafantp3@angelfire.com,Schiedam postbusnummers
905,Moria Meindl,79,137100.41,mmeindlp4@cnbc.com,Salgar
906,Kane Becconsall,20,97944.17,kbecconsallp5@photobucket.com,Limoges
907,Tami Ellerton,83,87881.25,tellertonp6@creativecommons.org,New York City
908,Hermie Durdan,47,108186.53,hdurdanp7@mozilla.com,Mykolayiv
909,Calvin Hugett,27,48394.32,chugettp8@paypal.com,Saint Louis
910,Domini Noods,49,147394.22,dnoodsp9@usda.gov,Muhur
911,Mordy Hewlings,78,66972.77,mhewlingspa@unc.edu,Pakapasan Ilir
912,Tobiah Graben,83,115155.04,tgrabenpb@privacy.gov.au,San Vicente
913,Vincent Gerlts,59,69256.7,vgerltspc@google.fr,Sosnovka
914,Rebeca Shimuk,37,149074.32,rshimukpd@gravatar.com,Tianxin
915,Lombard Hayer,53,71778.62,lhayerpe@newyorker.com,Longford
916,Elmore Errichi,25,104061.21,eerrichipf@ezinearticles.com,Yantal’
917,Ag Billings,25,144155.33,abillingspg@google.es,Vĩnh Tường
918,Othilie Birkenshaw,43,134241.35,obirkenshawph@biglobe.ne.jp,Hor
919,Gaby Dewerson,86,127489.4,gdewersonpi@sakura.ne.jp,Santa Iria de Azóia
920,Meaghan Purdom,42,91412.66,mpurdompj@w3.org,Terawas
921,Nigel Sipson,83,123892.7,nsipsonpk@trellian.com,Breia
922,Terri-jo Cumberbatch,43,145468.92,tcumberbatchpl@cnet.com,Mlaka pri Kranju
923,Abie Tobin,35,73864.08,atobinpm@cisco.com,Araouane
924,Barbabra Meineking,18,137109.07,bmeinekingpn@chron.com,Wāling
925,Valma Agent,78,89579.76,vagentpo@wikia.com,Ibaté
926,Edee De la Harpe,85,118567.61,edepp@topsy.com,Caraguatatuba
927,Damita McRobb,67,53885.56,dmcrobbpq@toplist.cz,Korba
928,Godiva Perchard,86,132285.89,gperchardpr@themeforest.net,Pantanal
929,Delmer Megson,33,80799.49,dmegsonps@example.com,Al Tuḩaytā’
930,Dallas Sanches,75,48524.8,dsanchespt@example.com,Mpongwe
931,Kelsey Chanter,46,37053.88,kchanterpu@nymag.com,Lukrejo
932,Urbanus Furmage,40,35827.92,ufurmagepv@deliciousdays.com,San José
933,Rhianon Flobert,22,59011.22,rflobertpw@parallels.com,Karengan
934,Elvis Swetmore,82,66098.58,eswetmorepx@auda.org.au,Valdice
935,Hamel Orris,81,108892.71,horrispy@blinklist.com,Cachimayo
936,Gard Dunniom,25,61638.75,gdunniompz@nydailynews.com,Kahama
937,Ceciley Teece,34,53974.19,cteeceq0@berkeley.edu,Siemiatycze
938,Gilda Shelp,52,128763.22,gshelpq1@answers.com,Manna
939,Germain Ryder,52,43588.09,gryderq2@state.tx.us,Bohus
940,Phylys Snelson,46,31930.72,psnelsonq3@wp.com,Laguna Limpia
941,Jo Swancott,65,99281.68,jswancottq4@foxnews.com,Diofior
942,Ingra Hawkings,44,45891.45,ihawkingsq5@yellowbook.com,La Roxas
943,Selene McCready,32,108126.22,smccreadyq6@ihg.com,Neiafu
944,Erny Woolger,60,68299.45,ewoolgerq7@vistaprint.com,Mazongshan
945,Sydelle Boyen,49,68373.71,sboyenq8@jigsy.com,Pekijing
946,Guido Adamiec,24,133841.52,gadamiecq9@xinhuanet.com,Anserma
947,Prescott Ayce,30,42878.54,payceqa@topsy.com,Santa Cristina Couto
948,Carole Kleinfeld,72,71194.1,ckleinfeldqb@last.fm,Yujiawu
949,Carter Lantoph,74,91737.13,clantophqc@creativecommons.org,Sumberkertokrajan
950,Shir McClounan,39,73376.45,smcclounanqd@twitpic.com,Carvalhos
951,Allard Moyser,55,136933.89,amoyserqe@ycombinator.com,Masaguisi
952,Tudor Menham,53,53837.78,tmenhamqf@usda.gov,Examília
953,Gib Hulke,68,147249.77,ghulkeqg@gnu.org,Vitez
954,Sven Vokes,19,63045.49,svokesqh@github.io,Chaeryŏng-ŭp
955,Baillie Frie,49,55806.26,bfrieqi@behance.net,Gjirokastër
956,Nicoline Crocket,50,41454.7,ncrocketqj@ovh.net,Kiyawa
957,Betty Shervington,29,111913.51,bshervingtonqk@forbes.com,Kula
958,Maggi Thurman,67,109681.29,mthurmanql@slideshare.net,Zerok-Alakadari
959,Kippy Chesher,64,54684.97,kchesherqm@state.gov,Fundong
960,Roxana Sporton,75,90556.45,rsportonqn@cpanel.net,Pompéu
961,Zonnya Chrystie,59,102370.61,zchrystieqo@theguardian.com,Dayangqi
962,Murry Wivell,24,138415.65,mwivellqp@google.com.br,Varser
963,Harmonie Vannar,84,38884.73,hvannarqq@stumbleupon.com,Egvekinot
964,Orlan Bisco,83,42447.38,obiscoqr@ucsd.edu,Carodok
965,Kiley Mitchell,56,32264.08,kmitchellqs@reddit.com,Tunguang
966,Dee dee Pearl,88,30868.46,ddeeqt@yahoo.com,Wangdian
967,Kleon Espasa,56,37249.49,kespasaqu@1688.com,Hule
968,Milo Sofe,69,144690.66,msofeqv@friendfeed.com,Reda
969,Nelie Eldershaw,18,144883.04,neldershawqw@hibu.com,Bielsk Podlaski
970,Loutitia Esplin,43,35479.11,lesplinqx@nydailynews.com,Kusak
971,Magdaia Kermannes,19,57632.11,mkermannesqy@amazon.co.uk,Campos Sales
972,Jarrad Pavie,32,129013.05,jpavieqz@patch.com,Yangdenghu
973,Reinald Dwane,77,116066.01,rdwaner0@gov.uk,Ārifwāla
974,Wayland Bernardon,25,74001.74,wbernardonr1@a8.net,El Carmen
975,Laraine Coie,31,90513.56,lcoier2@arstechnica.com,Fushui
976,Clemens Kingsly,61,114130.41,ckingslyr3@geocities.jp,København
977,Chariot Spoure,86,81547.13,cspourer4@csmonitor.com,Psebay
978,Mimi Doni,78,86954.91,mdonir5@sogou.com,Canturay
979,Anastasie Gumn,35,112326.92,agumnr6@icio.us,Mabuhay
980,Dalt Tremoille,27,38135.5,dtremoiller7@wikipedia.org,Balzar
981,Jeanna Richardson,65,67249.84,jrichardsonr8@umich.edu,Wates
982,Henryetta Eastgate,34,115791.35,heastgater9@engadget.com,Wanxian
983,Siegfried Brouncker,41,101118.16,sbrounckerra@mlb.com,Miechów Charsznica
984,Prinz Candelin,65,105240.45,pcandelinrb@yellowpages.com,Santa Ana
985,Orel Compford,21,136969.15,ocompfordrc@google.co.jp,Phra Phutthabat
986,Shanna Maier,50,117615.84,smaierrd@pen.io,Palena
987,Luella Downton,83,34686.98,ldowntonre@issuu.com,Taishan
988,Wallas Duell,32,94997.75,wduellrf@parallels.com,Nürnberg
989,Wilfred Beatey,49,144142.55,wbeateyrg@google.co.jp,Manalad
990,Freda Mander,67,99907.27,fmanderrh@about.com,Gračec
991,Lindy Houchin,50,105297.72,lhouchinri@wired.com,Tala
992,Ethelyn Darville,45,130042.61,edarvillerj@geocities.com,Spasskoye
993,Burgess Renzo,45,139335.35,brenzork@examiner.com,Pasirhaur
994,Gypsy Ducker,47,126332.8,gduckerrl@netvibes.com,København
995,Melania Torbett,72,36806.32,mtorbettrm@skype.com,Itajubá
996,Berni Shellard,86,93343.36,bshellardrn@last.fm,Czerniejewo
997,Steven Kaley,54,85614.45,skaleyro@dyndns.org,Ōi
998,Tera Knobell,45,77025.94,tknobellrp@chicagotribune.com,Carusucan
999,Karia Yankov,86,116515.78,kyankovrq@ow.ly,Horodyshche
1000,Reube Starsmeare,20,139187.26,rstarsmearerr@ucsd.edu,Bumpe
